homo_node_label,x,y,z,fine_query_x,fine_query_y,fine_query_z,homo_u1,homo_u2,homo_u3,fine_u1,fine_u2,fine_u3,homo_umag,fine_umag,absolute_vector_error,mls_condition_number,mls_support_radius_normalized,pointwise_error_over_fine_peak
1,4.0,4.0,0.0,7.0,7.0,0.0,3.181301735821762e-06,-0.7936576008796692,1.9862627845647702e-14,0.0035644907778492213,-0.7542578438358019,8.126107169210778e-05,0.7936576008860452,0.7542662707464122,0.03956046490705333,19.880064485372618,0.20251880237019973,0.052448938049297636
2,3.200000047683716,4.0,0.0,6.200000047683716,7.0,0.0,3.181301735821762e-06,-0.7936576008796692,1.97297588694096e-14,0.00018333104426616076,-0.7495166307492492,5.423404368994025e-05,0.7936576008860452,0.7495166551326994,0.04414137106293656,29.641143555967236,0.1703707645283794,0.058522265644007684
3,2.400000095367432,4.0,0.0,5.400000095367432,7.0,0.0,3.181301735821762e-06,-0.7936576008796692,1.9596888199105607e-14,-0.0017409469294939748,-0.7530964679314968,4.294073199294623e-05,0.7936576008860452,0.7530984814425095,0.040598637085901716,23.13469381240494,0.16736249071115405,0.05382533816038974
4,1.600000023841858,4.0,0.0,4.600000023841858,7.0,0.0,3.181301735821762e-06,-0.7936576008796692,1.9464019222867508e-14,0.0006666344271563186,-0.7530339478170798,4.215119014171909e-05,0.7936576008860452,0.7530342440707187,0.04062909222370208,23.133781753086414,0.1673624862593911,0.05386571533086858
5,0.800000011920929,4.0,0.0,3.800000011920929,7.0,0.0,3.181301735821762e-06,-0.7936576008796692,1.9331148552563515e-14,-7.992563613381902e-05,-0.7499005431777416,5.398999072468011e-05,0.7936576008860452,0.7499005493805817,0.04375716993147571,29.640571561282766,0.17037075966015588,0.05801289495309684
6,0.0,4.0,0.0,3.0,7.0,0.0,3.181301735821762e-06,-0.7936576008796692,1.9198279576325417e-14,-5.7313148163971684e-05,-0.7506979668444069,3.6467601777026486e-05,0.7936576008860452,0.7506979699180019,0.042959692106765736,19.07379749968631,0.15971913506198337,0.056955605431293355
7,-0.800000011920929,4.0,0.0,2.199999988079071,7.0,0.0,3.181301735821762e-06,-0.7936576008796692,1.9065408906021424e-14,7.166124052888884e-05,-0.7499008280597776,5.0468041753549123e-05,0.7936576008860452,0.749900833182026,0.043756855510158094,29.641143152992083,0.17037076939660317,0.05801247809590753
8,-1.600000023841858,4.0,0.0,1.399999976158142,7.0,0.0,3.181301735821762e-06,-0.7936576008796692,1.8932539929783325e-14,-0.0006732811337777739,-0.7530342924651349,4.159026550468733e-05,0.7936576008860452,0.7530345946008733,0.0406289615633875,23.134692217550924,0.1673624862593911,0.05386554210250129
9,-2.400000095367432,4.0,0.0,0.5999999046325679,7.0,0.0,3.181301735821762e-06,-0.7936576008796692,1.879966925947933e-14,0.0017344503555534283,-0.753095997416212,3.946725112952218e-05,0.7936576008860452,0.753097995748242,0.04059855324672736,23.13378348626636,0.16736249071115408,0.053825227007103946
10,-3.200000047683716,4.0,0.0,-0.20000004768371582,7.0,0.0,3.181301735821762e-06,-0.7936576008796692,1.8666800283241236e-14,-0.00019141027762258113,-0.7495161797002631,5.076085542976881e-05,0.7936576008860452,0.7495162058601774,0.044141879279035255,29.64056621672744,0.17037077426482714,0.05852293943271919
11,-4.0,4.0,0.0,-1.0,7.0,0.0,3.181301735821762e-06,-0.7936576008796692,1.853392961293724e-14,-0.003571591518593183,-0.754257100907561,4.366779038961734e-05,0.7936576008860452,0.7542655583031286,0.0395623597077446,19.876122952053247,0.2025188063646646,0.05245145016042438
12,4.0,3.200000047683716,0.0,7.0,6.200000047683716,0.0,0.051582958549261,-0.6940783262252808,1.6716586543285252e-14,0.05392253488069233,-0.6842999281118608,4.2602649294908844e-05,0.6959924744911988,0.6864211777013025,0.010054476717405747,29.64114355596724,0.1703707645283794,0.013330142295049157
13,3.200000047683716,3.200000047683716,0.0,6.200000047683716,6.200000047683716,0.0,0.0291630867868661,-0.718991219997406,1.650832147034615e-14,0.03779012723358158,-0.6782756711408153,1.2451278125692465e-05,0.7195824206192759,0.6793275939728108,0.04161948943220008,26.699067159837757,0.14279574260435918,0.055178775780354024
14,2.400000095367432,3.200000047683716,0.0,5.400000095367432,6.200000047683716,0.0,0.0201249532401561,-0.7174860835075378,1.6266459682587154e-14,0.025288185018794238,-0.6864756286818928,4.43400335137684e-05,0.7177682730309999,0.6869412515213971,0.031437385974852926,36.47804663530342,0.13834965167136226,0.04167942700625191
15,1.600000023841858,3.200000047683716,0.0,4.600000023841858,6.200000047683716,0.0,0.0125350803136825,-0.7191611528396606,1.5999356312999986e-14,0.013526783166537182,-0.6868918760126566,5.8772096244687444e-05,0.7192703886523761,0.6870250553285379,0.032284565285062745,36.47909470501728,0.13834964965186428,0.04280261034755585
16,0.800000011920929,3.200000047683716,0.0,3.800000011920929,6.200000047683716,0.0,0.0061002587899565,-0.7187207937240601,1.5736013769698624e-14,0.007654851278491637,-0.682368529836488,3.1415274574265515e-05,0.7187466817235731,0.6824114655002693,0.03638550308126248,27.539525128611135,0.13757100740663758,0.048239599850137614
17,0.0,3.200000047683716,0.0,3.0,6.200000047683716,0.0,2.8308948003541445e-06,-0.7190129160881042,1.5476465934000962e-14,-3.1545867187527655e-06,-0.6907234387498087,4.295764260296487e-05,0.7190129160936771,0.6907234400928285,0.0282895105871237,47.14623604071318,0.14340916830191877,0.03750599978324467
18,-0.800000011920929,3.200000047683716,0.0,2.199999988079071,6.200000047683716,0.0,-0.0060945958830416,-0.7187207341194153,1.5229213628565642e-14,-0.007662136245469999,-0.6823696866597951,5.0416715854677e-05,0.7187465740802726,0.6824127051468755,0.03638486465612637,27.539229470913057,0.13757100740663758,0.04823875343135837
19,-1.600000023841858,3.200000047683716,0.0,1.399999976158142,6.200000047683716,0.0,-0.0125294104218482,-0.7191611528396606,1.5008012668456076e-14,-0.0135342815368121,-0.6868910355966388,3.963647207701355e-05,0.7192702898627114,0.6870243613808686,0.03228578330915921,36.47366451695862,0.13834964965186428,0.042804225193855766
20,-2.400000095367432,3.200000047683716,0.0,0.5999999046325679,6.200000047683716,0.0,-0.020119272172451,-0.7174860835075378,1.4831616363124474e-14,-0.025295698963706648,-0.6864781783959735,4.787968220995688e-05,0.7177681137663714,0.6869440763936904,0.031437046079378646,36.47909070314021,0.13834965167136226,0.04167897637563582
21,-3.200000047683716,3.200000047683716,0.0,-0.20000004768371582,6.200000047683716,0.0,-0.0291573833674192,-0.7189911603927612,1.4761209290482802e-14,-0.03779706946419782,-0.6782768222829656,6.691413136784568e-05,0.7195821299391502,0.6793291327360105,0.041620980058987095,26.701720163587783,0.14279574260435918,0.05518075204105244
22,-4.0,3.200000047683716,0.0,-1.0,6.200000047683716,0.0,-0.0515772253274917,-0.6940782070159912,1.5021392400890905e-14,-0.05392887568979264,-0.6842985178539773,3.057145612106226e-05,0.6959919307197577,0.6864202692993041,0.01005850456807822,29.640569745427456,0.1703707645283794,0.013335482386245977
23,4.0,2.400000095367432,0.0,7.0,5.400000095367432,0.0,0.0699994638562202,-0.621883749961853,1.3697445175981596e-14,0.07024725879490704,-0.6061902825146372,5.054143360232964e-05,0.6258109326360277,0.6102469488148309,0.01569550500254673,23.13469381240494,0.16736249071115405,0.020808971064044345
24,3.200000047683716,2.400000095367432,0.0,6.200000047683716,5.400000095367432,0.0,0.0548764057457447,-0.6319757103919983,1.3354857618266911e-14,0.051678912101214745,-0.6126127497238705,1.722541187850609e-05,0.6343537801834577,0.6147886558622576,0.019625200843738852,36.4736597389438,0.13834965167136226,0.026018929395209476
25,2.400000095367432,2.400000095367432,0.0,5.400000095367432,5.400000095367432,0.0,0.0361351892352104,-0.6405897736549377,1.3076869028274575e-14,0.036913301317628086,-0.6171055519732521,3.257299745952963e-05,0.6416081436611827,0.6182085854720705,0.023497131471895034,23.867399214750648,0.13375583876584168,0.031152303083422483
26,1.600000023841858,2.400000095367432,0.0,4.600000023841858,5.400000095367432,0.0,0.0233494248241186,-0.6402385830879211,1.2776280752216547e-14,0.021775746298212377,-0.6187099920307729,2.3901633215546465e-05,0.6406642169764487,0.6190930769576182,0.021586043368271322,23.865928338203787,0.1337558366769845,0.02861859823973045
27,0.800000011920929,2.400000095367432,0.0,3.800000011920929,5.400000095367432,0.0,0.011254102922976,-0.6413128972053528,1.246807510886386e-14,0.012764703948377382,-0.6184165016040458,2.376221765749208e-05,0.6414116361234213,0.6185482258383089,0.022946185121550815,36.47390043523786,0.13834964864211588,0.030421862956756064
28,0.0,2.400000095367432,0.0,3.0,5.400000095367432,0.0,2.5014801394718238e-06,-0.6409149169921875,1.2169961016044764e-14,-1.8847561154560176e-06,-0.6195108739950866,2.8001607263721755e-05,0.6409149169970692,0.6195108746307836,0.02140406176291826,19.732353405870743,0.14577379123786552,0.028377328528474532
29,-0.800000011920929,2.400000095367432,0.0,2.199999988079071,5.400000095367432,0.0,-0.0112490952014923,-0.6413128972053528,1.1896849641762715e-14,-0.012765917549310822,-0.6184186141270703,4.93732742303554e-06,0.6414115482783075,0.6185503625203848,0.02294447585107522,36.47366216697011,0.13834964864211588,0.030419596820058865
30,-1.600000023841858,2.400000095367432,0.0,1.399999976158142,5.400000095367432,0.0,-0.0233444068580865,-0.6402385830879211,1.1673832643014238e-14,-0.021779265587761713,-0.6187087080192932,1.9621033998514965e-05,0.6406640341130324,0.619091917386611,0.02158669897533605,23.867398235971873,0.1337558366769845,0.028619467438168924
31,-2.400000095367432,2.400000095367432,0.0,0.5999999046325679,5.400000095367432,0.0,-0.0361301526427269,-0.6405896544456482,1.1544166298349708e-14,-0.03691705415569363,-0.6171075258387821,9.379264466749837e-06,0.6416077410012926,0.618210779121788,0.023495311572122382,23.86593058921494,0.13375583876584166,0.031149890275315804
32,-3.200000047683716,2.400000095367432,0.0,-0.20000004768371582,5.400000095367432,0.0,-0.0548713319003582,-0.6319756507873535,1.1610784592618311e-14,-0.051680388683358724,-0.6126120288631176,1.2169518262587041e-05,0.6343532818963091,0.61478806155483,0.01962478332965842,36.47389585803466,0.13834965167136226,0.026018375858485605
33,-4.0,2.400000095367432,0.0,-1.0,5.400000095367432,0.0,-0.0699943974614143,-0.6218836307525635,1.1854704670439132e-14,-0.07025299688371564,-0.6061895604214145,1.0292438304970325e-05,0.6258102474983749,0.61024689007072,0.015696204100181417,23.133784082193745,0.16736249866072953,0.02080989792192173
34,4.0,1.600000023841858,0.0,7.0,4.600000023841858,0.0,0.082956425845623,-0.5458828210830688,1.0924320293043221e-14,0.08260639297742967,-0.5263193019987338,4.600540444385463e-05,0.5521501815110542,0.5327624479387348,0.01956670433336169,23.133781753086414,0.1673624862593911,0.025941375204274655
35,3.200000047683716,1.600000023841858,0.0,6.200000047683716,4.600000023841858,0.0,0.0644824728369712,-0.5538466572761536,1.0491212865354307e-14,0.06272555756962143,-0.5270530517545762,3.6146218866356675e-05,0.5575877590829446,0.530772471255604,0.026851170452173712,36.47909470501728,0.13834964965186428,0.03559906029683939
36,2.400000095367432,1.600000023841858,0.0,5.400000095367432,4.600000023841858,0.0,0.0481561385095119,-0.5578356981277466,1.0155399877151763e-14,0.045534052758673296,-0.5330965896023868,4.308886797114559e-05,0.5599104212120165,0.5350376862081547,0.0248777145446446,23.865928338203794,0.1337558366769845,0.032982668733186137
37,1.600000023841858,1.600000023841858,0.0,4.600000023841858,4.600000023841858,0.0,0.0304607097059488,-0.5607625842094421,9.853993367266688e-15,0.029343348068300443,-0.5347348764881565,4.766428132025385e-06,0.5615892900376945,0.5355393731849977,0.026051681116058423,23.870468896491793,0.13375584155098286,0.0345391039298072
38,0.800000011920929,1.600000023841858,0.0,3.800000011920929,4.600000023841858,0.0,0.0151610700413584,-0.5605950355529785,9.5546570059047e-15,0.015892741811706124,-0.5319526266010636,4.842594351812915e-05,0.5608000106378781,0.5321899834975627,0.028651793647523464,36.4736669498458,0.13834964662261787,0.037986311676339465
39,0.0,1.600000023841858,0.0,3.0,4.600000023841858,0.0,2.1876990103919525e-06,-0.5611162185668945,9.27133295537761e-15,-2.8223483745258508e-06,-0.5355957238215621,1.9618968292227602e-05,0.5611162185711592,0.5355957241883216,0.02552050277817883,19.732350421498218,0.14577379890444936,0.03383487207100494
40,-0.800000011920929,1.600000023841858,0.0,2.199999988079071,4.600000023841858,0.0,-0.0151566909626126,-0.5605950355529785,9.023319167322711e-15,-0.0158998394318292,-0.5319551321110384,1.9504626595954422e-05,0.5607998922678047,0.532192698046169,0.028649550070488205,36.47909713291308,0.13834964662261787,0.037983337160412835
41,-1.600000023841858,1.600000023841858,0.0,1.399999976158142,4.600000023841858,0.0,-0.030456319451332,-0.5607625246047974,8.838840473608407e-15,-0.029345020359712155,-0.5347503225282666,2.4726959565963343e-05,0.5615889924096337,0.5355548882004716,0.02603594158012795,23.865927560444607,0.13375584155098286,0.03451823658290211
42,-2.400000095367432,1.600000023841858,0.0,0.5999999046325679,4.600000023841858,0.0,-0.0481517277657985,-0.5578356385231018,8.773077682616532e-15,-0.045539071955795554,-0.5330983872309517,1.2680884288842272e-05,0.559909982491211,0.5350399029078501,0.024874841359842883,23.867398452644014,0.1337558366769845,0.03297885948847621
43,-3.200000047683716,1.600000023841858,0.0,-0.20000004768371582,4.600000023841858,0.0,-0.0644780620932579,-0.553846538066864,8.852715720317381e-15,-0.06273260162797684,-0.527051587631028,2.740391566252408e-05,0.5575871306082595,0.5307718493688001,0.026851755102215595,36.47366237326132,0.13834964965186428,0.03559983542104229
44,-4.0,1.600000023841858,0.0,-1.0,4.600000023841858,0.0,-0.0829520002007484,-0.5458826422691345,9.10607259220356e-15,-0.08261004945602453,-0.526318525799793,-1.058109833522276e-05,0.5521493398239619,0.5327622462066488,0.019567107489289772,23.134692738005374,0.1673624942089668,0.02594190970507857
45,4.0,0.800000011920929,0.0,7.0,3.800000011920929,0.0,0.0879349485039711,-0.4717836380004883,8.450391163997584e-15,0.09454794840954729,-0.452039293937414,3.873723328703633e-05,0.4799086957467762,0.4618212200759764,0.020822401177708824,29.64057156128277,0.17037075966015588,0.027606167722577922
46,3.200000047683716,0.800000011920929,0.0,6.200000047683716,3.800000011920929,0.0,0.071149930357933,-0.4748019278049469,7.962224900671251e-15,0.07203519475741559,-0.45808843041201364,3.177403837779818e-05,0.48010330475558355,0.4637176731273789,0.01673695604792259,27.539525128611118,0.13757100740663758,0.022189718269332016
47,2.400000095367432,0.800000011920929,0.0,5.400000095367432,3.800000011920929,0.0,0.0524646714329719,-0.4775619804859161,7.592909218305955e-15,0.05470617059539115,-0.45991797300362613,6.210840679231402e-06,0.4804352057813834,0.4631601310902642,0.017785818988867837,36.47390043523782,0.13834964864211588,0.023580292104626685
48,1.600000023841858,0.800000011920929,0.0,4.600000023841858,3.800000011920929,0.0,0.0351206883788108,-0.4785062372684479,7.287916370922205e-15,0.032202533493767095,-0.4604729796165961,1.576225580746203e-05,0.4797933741278736,0.4615976260433453,0.018267847654277244,36.473666949845814,0.13834964662261787,0.024219361733091443
49,0.800000011920929,0.800000011920929,0.0,3.800000011920929,3.800000011920929,0.0,0.0171400569379329,-0.4792320132255554,7.0165456493467656e-15,0.018753642810230252,-0.4614324335784824,2.1420007684317016e-06,0.4795384281286063,0.4618133712674444,0.01787256835398709,28.386607161401695,0.13176980521595105,0.023695303697327773
50,0.0,0.800000011920929,0.0,3.0,3.800000011920929,0.0,1.880858576441824e-06,-0.4790348410606384,6.771683247372125e-15,-1.2588168665204593e-06,-0.4592325477117592,9.283659321916891e-06,0.4790348410643309,0.45923254780732187,0.019802295773949007,47.14623982265792,0.1434091680092863,0.026253720392869894
51,-0.800000011920929,0.800000011920929,0.0,2.199999988079071,3.800000011920929,0.0,-0.0171362925320863,-0.479231983423233,6.565820359871441e-15,-0.018723035894773386,-0.461514346369582,8.73514204894115e-06,0.4795382638095849,0.4618939749058892,0.017788549507102715,28.385681974405276,0.13176980521595105,0.023583912203179118
52,-1.600000023841858,0.800000011920929,0.0,1.399999976158142,3.800000011920929,0.0,-0.0351169183850288,-0.4785062074661255,6.4262644820312415e-15,-0.032203386784691354,-0.46047219628197744,-1.4800458166280421e-05,0.479793068458138,0.4615969041146246,0.018267852770090517,36.47909739080073,0.13834964662261787,0.02421936851559448
53,-2.400000095367432,0.800000011920929,0.0,0.5999999046325679,3.800000011920929,0.0,-0.0524608939886093,-0.4775619208812713,6.382173028994867e-15,-0.05470727670506488,-0.4599198520781024,-9.17783431633535e-06,0.48043473404188186,0.4631621277093592,0.01778451324037798,36.473662936451554,0.13834964864211588,0.02357856095404963
54,-3.200000047683716,0.800000011920929,0.0,-0.20000004768371582,3.800000011920929,0.0,-0.0711461454629898,-0.4748018085956573,6.470360593748828e-15,-0.07203594711051556,-0.45808852273580075,-1.7217224478076926e-05,0.48010262596651987,0.46371788043465617,0.016736964110555985,27.540491968042076,0.13757100740663758,0.022189728958704864
55,-4.0,0.800000011920929,0.0,-1.0,3.800000011920929,0.0,-0.0879311636090278,-0.4717834591865539,6.7125768647962456e-15,-0.09455104994087747,-0.4520377232472998,-9.046587915435894e-06,0.47990782645802765,0.4618203161028816,0.0208258748836661,29.64114605871656,0.17037075966015588,0.027610773133282338
56,4.0,0.0,0.0,7.0,3.0,0.0,0.0901388227939605,-0.3969693779945373,6.291594290230808e-15,0.09041076505096193,-0.3761845582735069,5.89460322564056e-05,0.40707455636535533,0.38689653887721515,0.020786682228330616,19.0737974996863,0.15971913506198337,0.027558811834129057
57,3.200000047683716,0.0,0.0,6.200000047683716,3.0,0.0,0.072122685611248,-0.396857351064682,5.776269186000185e-15,0.06902479284112312,-0.3760718636365078,1.2168129320341991e-05,0.4033577058565451,0.3823538528560415,0.021015079712086538,47.14623604071319,0.14340916830191877,0.027861619334098402
58,2.400000095367432,0.0,0.0,5.400000095367432,3.0,0.0,0.0546261295676231,-0.3967308402061462,5.394990010287871e-15,0.052576356440766955,-0.37586616435319703,1.9043652235686725e-05,0.4004739362333252,0.37952555529875953,0.020965128928315976,19.732353405870743,0.14577379123786552,0.02779539499700703
59,1.600000023841858,0.0,0.0,4.600000023841858,3.0,0.0,0.0358350574970245,-0.3966680467128753,5.101693840872754e-15,0.03337927480453455,-0.3757143075524642,3.536783681365895e-05,0.39828343002041006,0.3771941385241666,0.021097187118645923,19.73235042149822,0.14577379890444936,0.02797047665643118
60,0.800000011920929,0.0,0.0,3.800000011920929,3.0,0.0,0.0180481318384408,-0.3966123163700104,4.864008349060199e-15,0.01789677325992545,-0.3756195439153188,4.886052238739806e-05,0.39702275068217807,0.3760456603281308,0.020993374957457272,47.146239822657954,0.1434091680092863,0.027832843349448064
61,0.0,0.0,0.0,3.0,3.0,0.0,1.5770373238410684e-06,-0.39661705493927,4.664636275034323e-15,0.00010691387561130671,-0.37581536732879545,6.587146630040932e-05,0.39661705494240534,0.37581538830934574,0.0208020586083047,19.05664499015448,0.14507211489255847,0.02757919771186275
62,-0.800000011920929,0.0,0.0,2.199999988079071,3.0,0.0,-0.018044976517558,-0.3966123163700104,4.504738477449341e-15,-0.01789982694378231,-0.375622408445055,-1.7782240481491383e-05,0.3970226072579551,0.3760486642003787,0.02099041732088593,47.14623816191297,0.1434091680092863,0.02782892213927859
63,-1.600000023841858,0.0,0.0,1.399999976158142,3.0,0.0,-0.0358319021761417,-0.396668016910553,4.397097530512264e-15,-0.03338232495093949,-0.37571545543137136,-4.332785618874342e-06,0.3982831164552564,0.37719555019632184,0.021095266765180906,19.732350690771305,0.14577379890444936,0.027967930667647783
64,-2.400000095367432,0.0,0.0,0.5999999046325679,3.0,0.0,-0.0546229779720306,-0.3967307806015014,4.3669918619844775e-15,-0.0525794070737629,-0.37586541727782247,1.195447554321806e-05,0.4004734473085695,0.37952523775971675,0.020965202397183254,19.73235347293052,0.1457737912378655,0.027795492401425242
65,-3.200000047683716,0.0,0.0,-0.20000004768371582,3.0,0.0,-0.0721195265650749,-0.3968572318553924,4.445656235312458e-15,-0.06902784648481877,-0.37606972772132746,1.8739652070827375e-05,0.4033570237245104,0.382352303576034,0.021016164374523222,47.146232778074214,0.1434091680824444,0.027863057370609845
66,-4.0,0.0,0.0,-1.0,3.0,0.0,-0.0901356637477874,-0.396969199180603,4.664452045368296e-15,-0.09041384165938682,-0.3761840761642942,-2.8081087465215606e-05,0.40707368249168785,0.38689678560533386,0.020787003398784185,19.073828764053804,0.1597191433919856,0.027559237639267143
67,4.0,-0.800000011920929,0.0,7.0,2.199999988079071,0.0,0.0876962020993232,-0.3221979439258575,4.440101393244364e-15,0.09409320439400984,-0.30065726164167383,3.74678079637503e-05,0.3339193599249605,0.315037016070873,0.02247051480191326,29.64114315299208,0.17037076939660317,0.029791223170667205
68,3.200000047683716,-0.800000011920929,0.0,6.200000047683716,2.199999988079071,0.0,0.0709007680416107,-0.3188784420490265,3.92368785167652e-15,0.07161153441848167,-0.2940511328536329,4.925786053617694e-05,0.32666554717708546,0.302645474145263,0.024837530011315348,27.539229470913057,0.13757100740663758,0.032929392410370475
69,2.400000095367432,-0.800000011920929,0.0,5.400000095367432,2.199999988079071,0.0,0.0522603392601013,-0.3159253001213074,3.5521099560673454e-15,0.05433169812606175,-0.29180912197680825,4.031477313024396e-05,0.3202185789680527,0.2968240197750482,0.02420500363829228,36.47366216697011,0.13834964864211588,0.03209079416256983
70,1.600000023841858,-0.800000011920929,0.0,4.600000023841858,2.199999988079071,0.0,0.0349408537149429,-0.3147993087768554,3.290124359547485e-15,0.031908029387649854,-0.2909723580425024,4.634096240653474e-05,0.31673248659509967,0.29271665075923187,0.02401923712740069,36.47909713291309,0.13834964662261787,0.03184450645477169
71,0.800000011920929,-0.800000011920929,0.0,3.800000011920929,2.199999988079071,0.0,0.0170492734760046,-0.3140444159507751,3.096853463840682e-15,0.018565156820980963,-0.28976942841170195,2.1517375571056863e-05,0.314506872605231,0.2903635430849223,0.024322281663840352,28.385717815406345,0.13176980521595105,0.03224628040144409
72,0.0,-0.800000011920929,0.0,3.0,2.199999988079071,0.0,1.2731150036415784e-06,-0.3141860663890838,2.949705841452481e-15,-1.7932974918794916e-06,-0.29201516914363307,2.1700287001429816e-05,0.3141860663916632,0.2920151699554374,0.02217090807733586,47.14623816191296,0.1434091680092863,0.029394007046604134
73,-0.800000011920929,-0.800000011920929,0.0,2.199999988079071,2.199999988079071,0.0,-0.0170467291027307,-0.3140443861484527,2.8356005508201965e-15,-0.018601707776156228,-0.289850766693278,2.9754006293421398e-05,0.3145067049276698,0.29044705433206147,0.024243557212536033,28.385077670512246,0.13176980521595105,0.032141908173283315
74,-1.600000023841858,-0.800000011920929,0.0,1.399999976158142,2.199999988079071,0.0,-0.0349383205175399,-0.3147992491722107,2.757294260670668e-15,-0.03191336593649504,-0.29097116678179724,1.1317912677851318e-05,0.31673214791046067,0.29271604491700187,0.024019325317686656,36.47805383347974,0.13834964662261787,0.03184462337672536
75,-2.400000095367432,-0.800000011920929,0.0,0.5999999046325679,2.199999988079071,0.0,-0.0522578097879886,-0.3159252107143402,2.731714077421825e-15,-0.05433635618888162,-0.29181054568985376,1.9352205832001827e-05,0.3202180779542871,0.29682626998667605,0.024204086408946026,36.479093131035256,0.13834964864211588,0.03208957810746857
76,-3.200000047683716,-0.800000011920929,0.0,-0.20000004768371582,2.199999988079071,0.0,-0.0708982422947883,-0.3188783526420593,2.7885851400498997e-15,-0.07161677879565903,-0.29405147231768025,-2.0163702098162083e-06,0.32666491171260503,0.30264704092610517,0.024837276127020715,27.539409912185246,0.13757100740663758,0.032929055812666884
77,-4.0,-0.800000011920929,0.0,-1.0,2.199999988079071,0.0,-0.0876936763525009,-0.3221977651119232,2.9713943318251638e-15,-0.0940962213157031,-0.30065570126576313,-5.544443187194799e-06,0.3339185240673767,0.3150364258307957,0.022473387094488307,29.640569341904236,0.17037076939660317,0.029795031232470376
78,4.0,-1.600000023841858,0.0,7.0,1.399999976158142,0.0,0.0823622643947601,-0.2480920404195785,2.882473660055355e-15,0.0814513380384069,-0.2264948022281885,3.550489110260686e-05,0.26140620328481523,0.2406952786517225,0.021616469298190815,23.134692217550928,0.1673624862593911,0.028658936686641757
79,3.200000047683716,-1.600000023841858,0.0,6.200000047683716,1.399999976158142,0.0,0.0639511421322822,-0.2398607283830642,2.3875374858980903e-15,0.061683339766784175,-0.22507613421943323,8.926473017063815e-07,0.24823963744832825,0.23337544986725936,0.014957511589467284,36.47366451695864,0.13834964965186428,0.01983054548450844
80,2.400000095367432,-1.600000023841858,0.0,5.400000095367432,1.399999976158142,0.0,0.0476074814796447,-0.235568881034851,2.056104505065797e-15,0.044575601988600534,-0.21861572028408566,1.7493444156179856e-05,0.24033137540663826,0.223113912058384,0.017222144428325203,23.867398235971876,0.1337558366769845,0.022832977021871058
81,1.600000023841858,-1.600000023841858,0.0,4.600000023841858,1.399999976158142,0.0,0.0300875231623649,-0.2326307594776153,1.846096661837723e-15,0.0286902697666349,-0.21677362390298754,6.70488322190842e-06,0.23456838939886582,0.21866397884487432,0.015918577531911046,23.865927560444607,0.13375584155098286,0.02110471878340553
82,0.800000011920929,-1.600000023841858,0.0,3.800000011920929,1.399999976158142,0.0,0.0149581925943493,-0.2326995283365249,1.7185103124542941e-15,0.015503136070317378,-0.21940568442709277,1.2138780377273543e-05,0.23317979761062235,0.21995272613515338,0.013305013965807598,36.479097390800725,0.13834964662261787,0.01763967776610391
83,0.0,-1.600000023841858,0.0,3.0,1.399999976158142,0.0,9.661765716373338e-07,-0.2322009354829788,1.6276049366099497e-15,-2.1975370550124698e-07,-0.21573662134331983,1.1397932217680106e-05,0.2322009354849889,0.2157366216445231,0.01646431812765604,19.732350690771316,0.14577379890444936,0.02182825716356528
84,-0.800000011920929,-1.600000023841858,0.0,2.199999988079071,1.399999976158142,0.0,-0.0149562638252973,-0.2326995134353637,1.560930102892117e-15,-0.015502154423042586,-0.21940819748920057,-1.8018216230665174e-05,0.23317965901996446,0.21995516416277205,0.013302533622643203,36.47366694498606,0.13834964662261787,0.01763638934759629
85,-1.600000023841858,-1.600000023841858,0.0,1.399999976158142,1.399999976158142,0.0,-0.0300856046378612,-0.2326307147741317,1.5156254869170369e-15,-0.028686792194262865,-0.2167580251621552,-1.8597678368251712e-06,0.23456809898779737,0.21864805858285835,0.015934207078773903,23.867350822501486,0.13375584155098286,0.021125440307712046
86,-2.400000095367432,-1.600000023841858,0.0,0.5999999046325679,1.399999976158142,0.0,-0.0476055890321731,-0.2355688214302063,1.4902915784976078e-15,-0.044576697609547536,-0.21861751432465898,-1.1265234393980458e-05,0.2403309421134045,0.223115888421625,0.017219788696210523,23.8659296186206,0.1337558366769845,0.022829853811665267
87,-3.200000047683716,-1.600000023841858,0.0,-0.20000004768371582,1.399999976158142,0.0,-0.0639492496848106,-0.2398606240749359,1.5171780983093538e-15,-0.06168243185655934,-0.22507467315639404,-2.5613045986482736e-06,0.2482390491378582,0.23337380080625367,0.014958703626728095,36.47909280727777,0.13834964965186428,0.019832125877676004
88,-4.0,-1.600000023841858,0.0,-1.0,1.399999976158142,0.0,-0.0823603793978691,-0.2480918765068054,1.6472289959319373e-15,-0.08145381113952553,-0.22649402518701403,-9.303910914744036e-06,0.26140545381309266,0.2406953819273066,0.021616871517442293,23.13378248892955,0.1673624942089668,0.028659469945607557
89,4.0,-2.400000095367432,0.0,7.0,0.5999999046325679,0.0,0.0688937827944755,-0.1722686737775802,1.6117545149470984e-15,0.06792599503366921,-0.1465315428799875,9.404866657535725e-06,0.18553395719603114,0.16150985712505345,0.025755321944043043,23.133783486266356,0.16736249071115408,0.03414619338414259
90,3.200000047683716,-2.400000095367432,0.0,6.200000047683716,0.5999999046325679,0.0,0.0536686517298221,-0.1614647060632705,1.1639571007330748e-15,0.04957958785720318,-0.13956120024852764,1.0193871518958347e-05,0.17015044955155212,0.14810625999874136,0.022281923486221936,36.479090703140194,0.13834965167136226,0.02954119035996669
91,2.400000095367432,-2.400000095367432,0.0,5.400000095367432,0.5999999046325679,0.0,0.0352314710617065,-0.1529780775308609,9.071639220590017e-16,0.03519854376717428,-0.13473172567687386,1.9753023638282882e-05,0.15698263839740353,0.13925363829135673,0.018246392256228747,23.86593058921496,0.13375583876584166,0.024190916343339006
92,1.600000023841858,-2.400000095367432,0.0,4.600000023841858,0.5999999046325679,0.0,0.0227130223065614,-0.153174877166748,7.969406893031019e-16,0.020477274566349655,-0.13297272873070232,1.131285078268751e-05,0.15484968316837683,0.1345402002664453,0.020325488859323348,23.867398452644004,0.1337558366769845,0.026947365469769058
93,0.800000011920929,-2.400000095367432,0.0,3.800000011920929,0.5999999046325679,0.0,0.0109356436878442,-0.1521288901567459,7.377860258492297e-16,0.01210891298944189,-0.13324656457329193,2.59437127731856e-05,0.15252143299612272,0.13379564050239665,0.018918759297846803,36.47366293645157,0.13834964864211588,0.025082335020927084
94,0.0,-2.400000095367432,0.0,3.0,0.5999999046325679,0.0,6.518281452372321e-07,-0.1524853408336639,7.011800147259774e-16,-1.1563448565108796e-06,-0.13208929960795582,3.183925769546357e-06,0.1524853408350571,0.13208929965139052,0.020396041554371698,19.732353472930523,0.1457737912378655,0.02704090365089246
95,-0.800000011920929,-2.400000095367432,0.0,2.199999988079071,0.5999999046325679,0.0,-0.0109343444928526,-0.1521288752555847,6.755433979070235e-16,-0.0121139840968214,-0.13324876185384135,3.0066314782235788e-06,0.15252132498774598,0.13379828532279328,0.018916930001926128,36.47909313103526,0.13834964864211588,0.02507990975548486
96,-1.600000023841858,-2.400000095367432,0.0,1.399999976158142,0.5999999046325679,0.0,-0.0227117333561182,-0.1531748473644256,6.599166988213659e-16,-0.020479905620218033,-0.13297141770061463,6.8664977521830715e-06,0.15484946463308968,0.13453930469076,0.020326329535164035,23.865929618620594,0.1337558366769845,0.026948480030864117
97,-2.400000095367432,-2.400000095367432,0.0,0.5999999046325679,0.5999999046325679,0.0,-0.0352302007377147,-0.1529780179262161,6.532484319441063e-16,-0.03520679994150224,-0.1347448932131277,-3.1289424118209876e-05,0.15698229522036353,0.13926846731463013,0.018233166577102302,23.87047317804343,0.13375583876584166,0.02417338184704852
98,-3.200000047683716,-2.400000095367432,0.0,-0.20000004768371582,0.5999999046325679,0.0,-0.0536674223840236,-0.1614646315574646,6.459206969778501e-16,-0.04958453540413253,-0.1395602687154692,2.043672056233647e-05,0.1701499910941314,0.14810703957893828,0.022281640318071293,36.473658359868594,0.13834965167136226,0.02954081493796835
99,-4.0,-2.400000095367432,0.0,-1.0,0.5999999046325679,0.0,-0.0688925459980964,-0.1722685098648071,7.015900316120077e-16,-0.06792635812304769,-0.1465307971327026,-8.422018906046613e-06,0.18553334574987043,0.16150933318894042,0.025755842960785195,23.134694469626265,0.16736249866072955,0.0341468841438416
100,4.0,-3.200000047683716,0.0,7.0,-0.20000004768371582,0.0,0.0492971204221248,-0.0992554202675819,6.163344184654088e-16,0.05099370000013398,-0.06808052493764671,-1.6782972346530708e-05,0.11082348367745792,0.08506065833954826,0.031221030776787194,29.640566216727425,0.17037077426482714,0.041392585069316784
101,3.200000047683716,-3.200000047683716,0.0,6.200000047683716,-0.20000004768371582,0.0,0.027424843981862,-0.074820801615715,2.8312666538060107e-16,0.03509049430743434,-0.07404322895641988,3.459815718635338e-05,0.07968860910975704,0.08193743797596663,0.00770506399628915,26.701720163587783,0.14279574260435918,0.010215310289116228
102,2.400000095367432,-3.200000047683716,0.0,5.400000095367432,-0.20000004768371582,0.0,0.0188445206731557,-0.0760772675275802,2.0179645437448467e-16,0.023039545741660502,-0.06566265466787291,-2.594568732244135e-05,0.07837644157439148,0.06958739511716967,0.01122778114863551,36.47389585803464,0.13834965167136226,0.014885699631676016
103,1.600000023841858,-3.200000047683716,0.0,4.600000023841858,-0.20000004768371582,0.0,0.0117027442902326,-0.074456863105297,1.7913599369482719e-16,0.012008668964147826,-0.06514922970866807,-8.673737117676406e-06,0.07537094060314964,0.06624673831334643,0.00931266366760166,36.473662373261334,0.13834964965186428,0.012346652672650957
104,0.800000011920929,-3.200000047683716,0.0,3.800000011920929,-0.20000004768371582,0.0,0.0056885499507188,-0.0748511403799057,1.692403592349614e-16,0.006872620330371713,-0.06969304791009183,-1.7489646413929157e-05,0.0750669888613775,0.07003109411605338,0.005292281783772822,27.540491968042097,0.13757100740663758,0.007016463534204769
105,0.0,-3.200000047683716,0.0,3.0,-0.20000004768371582,0.0,3.225315197141754e-07,-0.0745769515633583,1.6499593007582932e-16,1.205425721889068e-07,-0.06123923339717483,-1.1189636341541833e-05,0.07457695156405575,0.06123923441957897,0.013337722861467083,47.14623277807423,0.1434091680824444,0.017683042950161678
106,-0.800000011920929,-3.200000047683716,0.0,2.199999988079071,-0.20000004768371582,0.0,-0.0056879059411585,-0.0748511329293251,1.627883504570478e-16,-0.006871513943187349,-0.06969452983265471,-2.798407747500867e-06,0.07506693263214478,0.0700324581911652,0.005290698557860134,27.539409912185263,0.13757100740663758,0.007014364506349365
107,-1.600000023841858,-3.200000047683716,0.0,1.399999976158142,-0.20000004768371582,0.0,-0.0117021072655916,-0.0744568407535553,1.6190739648723392e-16,-0.01200731303531345,-0.06514833279636953,-2.700624524090583e-05,0.07537081961512496,0.06624561541575268,0.00931354928521583,36.47909280727777,0.13834964965186428,0.012347826817178583
108,-2.400000095367432,-3.200000047683716,0.0,0.5999999046325679,-0.20000004768371582,0.0,-0.0188438929617404,-0.0760772302746772,1.688409302607718e-16,-0.02303820920079681,-0.06566534090552081,-1.2689788575096222e-05,0.07837625449215974,0.06958948369149377,0.011224967259618088,36.473658359868594,0.13834965167136226,0.014881969000827791
109,-3.200000047683716,-3.200000047683716,0.0,-0.20000004768371582,-0.20000004768371582,0.0,-0.0274242386221885,-0.074820727109909,1.7313291237895835e-16,-0.03508911884326833,-0.07404251699022585,-1.7939080888756433e-05,0.07968833082241218,0.08193620021245503,0.007704305394031395,26.69834238472368,0.14279574260435918,0.010214304540500417
110,-4.0,-3.200000047683716,0.0,-1.0,-0.20000004768371582,0.0,-0.0492965467274189,-0.0992553457617759,1.5657050658438062e-16,-0.05099346325993506,-0.0680790529727612,6.4790067513944986e-06,0.11082316175573714,0.08505933688248399,0.031222440643905863,29.64114071427199,0.17037077426482714,0.041394454259513075
111,4.0,-4.0,0.0,7.0,-1.0,0.0,1.241844712069296e-39,-5.928832145425871e-39,0.0,0.0033820232361469202,0.001562338497322674,-1.758347656903776e-05,6.057493615145592e-39,0.003725492172680331,0.003725492172680331,19.876122952053247,0.2025188063646646,0.004939226791877664
112,3.200000047683716,-4.0,0.0,6.200000047683716,-1.0,0.0,1.3796119692909262e-39,-1.042662326662163e-38,-0.0,-0.00037886682911361457,-0.003154030863834514,-2.3113019056142813e-05,1.0517499794621643e-38,0.003176788468858634,0.003176788468858634,29.640569745427438,0.1703707645283794,0.004211759947471767
113,2.400000095367432,-4.0,0.0,5.400000095367432,-1.0,0.0,8.962158471420443e-40,-9.600127623273603e-39,-0.0,-0.0019448130965404834,0.00020065117765061686,-1.1370981940330599e-05,9.641869799359946e-39,0.001955169602566041,0.001955169602566041,23.13378408219374,0.16736249866072953,0.002592147731372411
114,1.600000023841858,-4.0,0.0,4.600000023841858,-1.0,0.0,5.473681996422384e-40,-9.63768942860983e-39,-0.0,0.0005289701293325835,0.00025512390979384183,-1.0415968438848467e-05,9.653220678525755e-39,0.0005873721984169369,0.0005873721984169369,23.134692738005377,0.1673624942089668,0.0007787332155734353
115,0.800000011920929,-4.0,0.0,3.800000011920929,-1.0,0.0,2.6938561678180283e-40,-9.597378275686595e-39,-0.0,-0.0001853486596916616,-0.0028884385144322135,-2.0983846921463823e-05,9.601158178946429e-39,0.0028944553026668926,0.0028944553026668926,29.641146058716558,0.17037075966015588,0.003837444964631094
116,0.0,-4.0,0.0,3.0,-1.0,0.0,1.401298464324817e-45,-9.618693426627441e-39,-0.0,-4.595666553302997e-05,-0.002128354868340459,-4.877857600965376e-06,9.618693426627543e-39,0.0021288565602666193,0.0021288565602666193,19.0738287640538,0.1597191433919856,0.0028224204671911555
117,-0.800000011920929,-4.0,0.0,2.199999988079071,-1.0,0.0,-2.693828141848742e-40,-9.597378275686595e-39,-0.0,0.00018750884730438317,-0.0028887202350087993,-2.0568014570693712e-05,9.601158100312647e-39,0.0028948725718397506,0.0028948725718397506,29.640569341904236,0.17037076939660317,0.003837998176658519
118,-1.600000023841858,-4.0,0.0,1.399999976158142,-1.0,0.0,-5.473667983437741e-40,-9.637690829908294e-39,-0.0,-0.0005284139294960486,0.0002547995901734671,-1.002007756546507e-05,9.653221998111695e-39,0.0005867235413654712,0.0005867235413654712,23.13378248892957,0.1673624942089668,0.0007778732314052133
119,-2.400000095367432,-4.0,0.0,0.5999999046325679,-1.0,0.0,-8.9621444584358e-40,-9.600129024572067e-39,0.0,0.0019452180332726597,0.00020118114714527392,-7.957210400374202e-06,9.641871064340663e-39,0.001955609973418319,0.001955609973418319,23.134694469626275,0.16736249866072955,0.0025927315714158513
120,-3.200000047683716,-4.0,0.0,-0.20000004768371582,-1.0,0.0,-1.3796133705893904e-39,-1.042662326662163e-38,0.0,0.0003808512947001116,-0.003153538408266922,-1.910627905322727e-05,1.0517499978434254e-38,0.003176510231525893,0.003176510231525893,29.641140714271984,0.17037077426482714,0.004211391062711129
121,-4.0,-4.0,0.0,-1.0,-1.0,0.0,-1.2418489159646891e-39,-5.928836349321264e-39,0.0,-0.0033810757885865137,0.001563179735196589,-4.028474105290781e-05,6.057498591590076e-39,0.0037251613700693413,0.0037251613700693413,19.880065050310865,0.2025188063646646,0.0049387882165047225
